use DB_Pedidos_entregas

select * from Empleado
select * from Usuario

INSERT INTO TipoEmpleado (Id, Descripcion, Codigo)
VALUES
    (1, 'Empleado para toma de pedidos', 'EMP_PED'),
    (2, 'Empleado Administrativo', 'ADM'),
    (3, 'Empleado de Entrega', 'ENTREGA'),
    (4, 'Gerente', 'GERENTE');

INSERT INTO Empleado (Nombre, Apellidos, Cedula, Direccion, Departamento, Municipio, Barrio, TipoEmpleadoId, Salario)
VALUES 
			( 'Empleado2', 'Apellido2', 'Cedula2', 'Direccion2', 'Departamento2', 'Municipio2', 'Barrio2', 1, 26000),
( 'Empleado3', 'Apellido3', 'Cedula3', 'Direccion3', 'Departamento3', 'Municipio3', 'Barrio3', 1, 27000),
( 'Empleado3', 'Apellido3', 'Cedula3', 'Direccion3', 'Departamento3', 'Municipio3', 'Barrio3', 1, 27000),
( 'Empleado3', 'Apellido3', 'Cedula3', 'Direccion3', 'Departamento3', 'Municipio3', 'Barrio3', 1, 27000),
( 'Empleado3', 'Apellido3', 'Cedula3', 'Direccion3', 'Departamento3', 'Municipio3', 'Barrio3', 1, 27000),
( 'Empleado3', 'Apellido3', 'Cedula3', 'Direccion3', 'Departamento3', 'Municipio3', 'Barrio3', 1, 27000),
( 'Empleado3', 'Apellido3', 'Cedula3', 'Direccion3', 'Departamento3', 'Municipio3', 'Barrio3', 1, 27000),
( 'Empleado3', 'Apellido3', 'Cedula3', 'Direccion3', 'Departamento3', 'Municipio3', 'Barrio3', 1, 27000),
( 'Empleado3', 'Apellido3', 'Cedula3', 'Direccion3', 'Departamento3', 'Municipio3', 'Barrio3', 1, 27000),
( 'Empleado3', 'Apellido3', 'Cedula3', 'Direccion3', 'Departamento3', 'Municipio3', 'Barrio3', 1, 27000),
( 'Empleado3', 'Apellido3', 'Cedula3', 'Direccion3', 'Departamento3', 'Municipio3', 'Barrio3', 1, 27000),
( 'Empleado3', 'Apellido3', 'Cedula3', 'Direccion3', 'Departamento3', 'Municipio3', 'Barrio3', 1, 27000),
( 'Empleado3', 'Apellido3', 'Cedula3', 'Direccion3', 'Departamento3', 'Municipio3', 'Barrio3', 1, 27000),
( 'Empleado3', 'Apellido3', 'Cedula3', 'Direccion3', 'Departamento3', 'Municipio3', 'Barrio3', 1, 27000),
( 'Empleado3', 'Apellido3', 'Cedula3', 'Direccion3', 'Departamento3', 'Municipio3', 'Barrio3', 1, 27000),
( 'Empleado3', 'Apellido3', 'Cedula3', 'Direccion3', 'Departamento3', 'Municipio3', 'Barrio3', 1, 27000),
( 'Empleado3', 'Apellido3', 'Cedula3', 'Direccion3', 'Departamento3', 'Municipio3', 'Barrio3', 1, 27000),
( 'Empleado3', 'Apellido3', 'Cedula3', 'Direccion3', 'Departamento3', 'Municipio3', 'Barrio3', 1, 27000),
( 'Empleado3', 'Apellido3', 'Cedula3', 'Direccion3', 'Departamento3', 'Municipio3', 'Barrio3', 1, 27000),
( 'Empleado3', 'Apellido3', 'Cedula3', 'Direccion3', 'Departamento3', 'Municipio3', 'Barrio3', 1, 27000),
( 'Empleado3', 'Apellido3', 'Cedula3', 'Direccion3', 'Departamento3', 'Municipio3', 'Barrio3', 1, 27000),
( 'Empleado3', 'Apellido3', 'Cedula3', 'Direccion3', 'Departamento3', 'Municipio3', 'Barrio3', 1, 27000),
( 'Empleado3', 'Apellido3', 'Cedula3', 'Direccion3', 'Departamento3', 'Municipio3', 'Barrio3', 1, 27000),
( 'Empleado3', 'Apellido3', 'Cedula3', 'Direccion3', 'Departamento3', 'Municipio3', 'Barrio3', 1, 27000),
( 'Empleado3', 'Apellido3', 'Cedula3', 'Direccion3', 'Departamento3', 'Municipio3', 'Barrio3', 1, 27000),
( 'Empleado3', 'Apellido3', 'Cedula3', 'Direccion3', 'Departamento3', 'Municipio3', 'Barrio3', 1, 27000),
( 'Empleado3', 'Apellido3', 'Cedula3', 'Direccion3', 'Departamento3', 'Municipio3', 'Barrio3', 1, 27000),
( 'Empleado3', 'Apellido3', 'Cedula3', 'Direccion3', 'Departamento3', 'Municipio3', 'Barrio3', 1, 27000),
( 'Empleado3', 'Apellido3', 'Cedula3', 'Direccion3', 'Departamento3', 'Municipio3', 'Barrio3', 1, 27000),
( 'Empleado3', 'Apellido3', 'Cedula3', 'Direccion3', 'Departamento3', 'Municipio3', 'Barrio3', 1, 27000),
( 'Empleado3', 'Apellido3', 'Cedula3', 'Direccion3', 'Departamento3', 'Municipio3', 'Barrio3', 1, 27000),
( 'Empleado3', 'Apellido3', 'Cedula3', 'Direccion3', 'Departamento3', 'Municipio3', 'Barrio3', 1, 27000),
( 'Empleado3', 'Apellido3', 'Cedula3', 'Direccion3', 'Departamento3', 'Municipio3', 'Barrio3', 1, 27000),
( 'Empleado3', 'Apellido3', 'Cedula3', 'Direccion3', 'Departamento3', 'Municipio3', 'Barrio3', 1, 27000),
( 'Empleado3', 'Apellido3', 'Cedula3', 'Direccion3', 'Departamento3', 'Municipio3', 'Barrio3', 1, 27000),
( 'Empleado3', 'Apellido3', 'Cedula3', 'Direccion3', 'Departamento3', 'Municipio3', 'Barrio3', 1, 27000),
( 'Empleado3', 'Apellido3', 'Cedula3', 'Direccion3', 'Departamento3', 'Municipio3', 'Barrio3', 1, 27000),
( 'Empleado3', 'Apellido3', 'Cedula3', 'Direccion3', 'Departamento3', 'Municipio3', 'Barrio3', 1, 27000),
( 'Empleado3', 'Apellido3', 'Cedula3', 'Direccion3', 'Departamento3', 'Municipio3', 'Barrio3', 1, 27000),
( 'Empleado3', 'Apellido3', 'Cedula3', 'Direccion3', 'Departamento3', 'Municipio3', 'Barrio3', 1, 27000),
( 'Empleado3', 'Apellido3', 'Cedula3', 'Direccion3', 'Departamento3', 'Municipio3', 'Barrio3', 1, 27000),
( 'Empleado3', 'Apellido3', 'Cedula3', 'Direccion3', 'Departamento3', 'Municipio3', 'Barrio3', 1, 27000),
( 'Empleado3', 'Apellido3', 'Cedula3', 'Direccion3', 'Departamento3', 'Municipio3', 'Barrio3', 1, 27000),
( 'Empleado3', 'Apellido3', 'Cedula3', 'Direccion3', 'Departamento3', 'Municipio3', 'Barrio3', 1, 27000),
( 'Empleado3', 'Apellido3', 'Cedula3', 'Direccion3', 'Departamento3', 'Municipio3', 'Barrio3', 1, 27000),
('Empleado3', 'Apellido3', 'Cedula3', 'Direccion3', 'Departamento3', 'Municipio3', 'Barrio3', 1, 27000),
( 'Empleado3', 'Apellido3', 'Cedula3', 'Direccion3', 'Departamento3', 'Municipio3', 'Barrio3', 1, 27000),
( 'Empleado3', 'Apellido3', 'Cedula3', 'Direccion3', 'Departamento3', 'Municipio3', 'Barrio3', 1, 27000),
( 'Empleado3', 'Apellido3', 'Cedula3', 'Direccion3', 'Departamento3', 'Municipio3', 'Barrio3', 1, 27000),
( 'Empleado3', 'Apellido3', 'Cedula3', 'Direccion3', 'Departamento3', 'Municipio3', 'Barrio3', 1, 27000),
( 'Empleado3', 'Apellido3', 'Cedula3', 'Direccion3', 'Departamento3', 'Municipio3', 'Barrio3', 1, 27000),
( 'mpleado3', 'Apellido3', 'Cedula3', 'Direccion3', 'Departamento3', 'Municipio3', 'Barrio3', 1, 27000),
( 'Empleado3', 'Apellido3', 'Cedula3', 'Direccion3', 'Departamento3', 'Municipio3', 'Barrio3', 1, 27000),
( 'Empleado3', 'Apellido3', 'Cedula3', 'Direccion3', 'Departamento3', 'Municipio3', 'Barrio3', 1, 27000),
( 'Empleado3', 'Apellido3', 'Cedula3', 'Direccion3', 'Departamento3', 'Municipio3', 'Barrio3', 1, 27000),
( 'Empleado3', 'Apellido3', 'Cedula3', 'Direccion3', 'Departamento3', 'Municipio3', 'Barrio3', 1, 27000),
( 'Empleado3', 'Apellido3', 'Cedula3', 'Direccion3', 'Departamento3', 'Municipio3', 'Barrio3', 1, 27000),
( 'Empleado3', 'Apellido3', 'Cedula3', 'Direccion3', 'Departamento3', 'Municipio3', 'Barrio3', 1, 27000),
( 'Empleado3', 'Apellido3', 'Cedula3', 'Direccion3', 'Departamento3', 'Municipio3', 'Barrio3', 1, 27000),
( 'Empleado3', 'Apellido3', 'Cedula3', 'Direccion3', 'Departamento3', 'Municipio3', 'Barrio3', 1, 27000),
( 'Empleado3', 'Apellido3', 'Cedula3', 'Direccion3', 'Departamento3', 'Municipio3', 'Barrio3', 1, 27000),
( 'Empleado3', 'Apellido3', 'Cedula3', 'Direccion3', 'Departamento3', 'Municipio3', 'Barrio3', 1, 27000),
( 'Empleado3', 'Apellido3', 'Cedula3', 'Direccion3', 'Departamento3', 'Municipio3', 'Barrio3', 1, 27000),
( 'Empleado3', 'Apellido3', 'Cedula3', 'Direccion3', 'Departamento3', 'Municipio3', 'Barrio3', 1, 27000),
( 'Empleado3', 'Apellido3', 'Cedula3', 'Direccion3', 'Departamento3', 'Municipio3', 'Barrio3', 1, 27000),
( 'Empleado3', 'Apellido3', 'Cedula3', 'Direccion3', 'Departamento3', 'Municipio3', 'Barrio3', 1, 27000),
( 'Empleado3', 'Apellido3', 'Cedula3', 'Direccion3', 'Departamento3', 'Municipio3', 'Barrio3', 1, 27000),
('Empleado70', 'Apellido70', 'Cedula70', 'Direccion70', 'Departamento70', 'Municipio70', 'Barrio70', 1, 27000);


-- Empleados administrativos (ID del 71 al 90)
-- Asumiendo que el TipoEmpleadoId para "Empleado Administrativo" es 2
INSERT INTO Empleado (Nombre, Apellidos, Cedula, Direccion, Departamento, Municipio, Barrio, TipoEmpleadoId, Salario)
VALUES
    ( 'Admin1', 'ApellidoAdmin1', 'CedulaAdmin1', 'DireccionAdmin1', 'DepartamentoAdmin1', 'MunicipioAdmin1', 'BarrioAdmin1', 2, 35000),
    ( 'Admin2', 'ApellidoAdmin2', 'CedulaAdmin2', 'DireccionAdmin2', 'DepartamentoAdmin2', 'MunicipioAdmin2', 'BarrioAdmin2', 2, 36000),
    ( 'Admin3', 'ApellidoAdmin3', 'CedulaAdmin3', 'DireccionAdmin3', 'DepartamentoAdmin3', 'MunicipioAdmin3', 'BarrioAdmin3', 2, 38000),
    ( 'Admin4', 'ApellidoAdmin3', 'CedulaAdmin3', 'DireccionAdmin3', 'DepartamentoAdmin3', 'MunicipioAdmin3', 'BarrioAdmin3', 2, 39000),
    ( 'Admin5', 'ApellidoAdmin3', 'CedulaAdmin3', 'DireccionAdmin3', 'DepartamentoAdmin3', 'MunicipioAdmin3', 'BarrioAdmin3', 2, 37000),
    ( 'Admin6', 'ApellidoAdmin3', 'CedulaAdmin3', 'DireccionAdmin3', 'DepartamentoAdmin3', 'MunicipioAdmin3', 'BarrioAdmin3', 2, 35000),
    ( 'Admin7', 'ApellidoAdmin3', 'CedulaAdmin3', 'DireccionAdmin3', 'DepartamentoAdmin3', 'MunicipioAdmin3', 'BarrioAdmin3', 2, 37000),
    ( 'Admin8', 'ApellidoAdmin3', 'CedulaAdmin3', 'DireccionAdmin3', 'DepartamentoAdmin3', 'MunicipioAdmin3', 'BarrioAdmin3', 2, 35300),
    ( 'Admin9', 'ApellidoAdmin3', 'CedulaAdmin3', 'DireccionAdmin3', 'DepartamentoAdmin3', 'MunicipioAdmin3', 'BarrioAdmin3', 2, 37000),
    ( 'Admin10', 'ApellidoAdmin3', 'CedulaAdmin3', 'DireccionAdmin3', 'DepartamentoAdmin3', 'MunicipioAdmin3', 'BarrioAdmin3', 2, 37000),
    ( 'Admin11', 'ApellidoAdmin3', 'CedulaAdmin3', 'DireccionAdmin3', 'DepartamentoAdmin3', 'MunicipioAdmin3', 'BarrioAdmin3', 2, 37000),
    ( 'Admin12', 'ApellidoAdmin3', 'CedulaAdmin3', 'DireccionAdmin3', 'DepartamentoAdmin3', 'MunicipioAdmin3', 'BarrioAdmin3', 2, 37000),
    ( 'Admin13', 'ApellidoAdmin3', 'CedulaAdmin3', 'DireccionAdmin3', 'DepartamentoAdmin3', 'MunicipioAdmin3', 'BarrioAdmin3', 2, 27000),
    ( 'Admin14', 'ApellidoAdmin3', 'CedulaAdmin3', 'DireccionAdmin3', 'DepartamentoAdmin3', 'MunicipioAdmin3', 'BarrioAdmin3', 2, 37000),
    ( 'Admin15', 'ApellidoAdmin3', 'CedulaAdmin3', 'DireccionAdmin3', 'DepartamentoAdmin3', 'MunicipioAdmin3', 'BarrioAdmin3', 2, 33000),
    ( 'Admin16', 'ApellidoAdmin3', 'CedulaAdmin3', 'DireccionAdmin3', 'DepartamentoAdmin3', 'MunicipioAdmin3', 'BarrioAdmin3', 2, 27000),
    ( 'Admin17', 'ApellidoAdmin3', 'CedulaAdmin3', 'DireccionAdmin3', 'DepartamentoAdmin3', 'MunicipioAdmin3', 'BarrioAdmin3', 2, 347000),
    ( 'Admin18', 'ApellidoAdmin3', 'CedulaAdmin3', 'DireccionAdmin3', 'DepartamentoAdmin3', 'MunicipioAdmin3', 'BarrioAdmin3', 2, 34000),
    ( 'Admin19', 'ApellidoAdmin3', 'CedulaAdmin3', 'DireccionAdmin3', 'DepartamentoAdmin3', 'MunicipioAdmin3', 'BarrioAdmin3', 2, 34000),
    ( 'Admin20', 'ApellidoAdmin20', 'CedulaAdmin20', 'DireccionAdmin20', 'DepartamentoAdmin20', 'MunicipioAdmin20', 'BarrioAdmin20', 2, 38000);

-- Empleados de entrega (ID del 91 al 98)
-- Asumiendo que el TipoEmpleadoId para "Empleado de Entrega" es 3
INSERT INTO Empleado (Nombre, Apellidos, Cedula, Direccion, Departamento, Municipio, Barrio, TipoEmpleadoId, Salario)
VALUES
    ( 'Entrega1', 'ApellidoEntrega1', 'CedulaEntrega1', 'DireccionEntrega1', 'DepartamentoEntrega1', 'MunicipioEntrega1', 'BarrioEntrega1', 3, 28000),
    ( 'Entrega2', 'ApellidoEntrega2', 'CedulaEntrega2', 'DireccionEntrega2', 'DepartamentoEntrega2', 'MunicipioEntrega2', 'BarrioEntrega2', 3, 29000),
    ( 'Entrega3', 'ApellidoEntrega3', 'CedulaEntrega3', 'DireccionEntrega3', 'DepartamentoEntrega3', 'MunicipioEntrega3', 'BarrioEntrega3', 3, 30000),
    ('Entrega4', 'ApellidoEntrega3', 'CedulaEntrega3', 'DireccionEntrega3', 'DepartamentoEntrega4', 'MunicipioEntrega3', 'BarrioEntrega3', 3, 30000),
    ( 'Entrega5', 'ApellidoEntrega3', 'CedulaEntrega3', 'DireccionEntrega3', 'DepartamentoEntrega5', 'MunicipioEntrega3', 'BarrioEntrega3', 3, 30000),
    ( 'Entrega6', 'ApellidoEntrega3', 'CedulaEntrega3', 'DireccionEntrega3', 'DepartamentoEntrega6', 'MunicipioEntrega3', 'BarrioEntrega3', 3, 30000),
    ( 'Entrega7', 'ApellidoEntrega3', 'CedulaEntrega3', 'DireccionEntrega3', 'DepartamentoEntrega7', 'MunicipioEntrega3', 'BarrioEntrega3', 3, 30000),
    ( 'Entrega8', 'ApellidoEntrega8', 'CedulaEntrega8', 'DireccionEntrega8', 'DepartamentoEntrega8', 'MunicipioEntrega8', 'BarrioEntrega8', 3, 30800);

-- Gerentes (Administradores) (ID 99 y 100)
-- Asumiendo que el TipoEmpleadoId para "Gerente" es 4
INSERT INTO Empleado ( Nombre, Apellidos, Cedula, Direccion, Departamento, Municipio, Barrio, TipoEmpleadoId, Salario)
VALUES
    ( 'Gerente1', 'ApellidoGerente1', 'CedulaGerente1', 'DireccionGerente1', 'DepartamentoGerente1', 'MunicipioGerente1', 'BarrioGerente1', 4, 50000),
    ('Gerente2', 'ApellidoGerente2', 'CedulaGerente2', 'DireccionGerente2', 'DepartamentoGerente2', 'MunicipioGerente2', 'BarrioGerente2', 4, 51000);



	-- Inserción de datos de clientes adicionales
INSERT INTO Cliente (Nombre, Apellidos, Cedula, Direccion, Departamento, Municipio, Barrio, Activo, FechaNacimiento, Telefono)
VALUES
    ('Ana', 'López', '1112233445', '789 Calle Central', 'Departamento3', 'Municipio3', 'Barrio3', 1, '1982-08-10', '111-222-3333'),
    ('Pedro', 'Ramírez', '5556677889', '101 Plaza Principal', 'Departamento1', 'Municipio4', 'Barrio4', 1, '1995-03-25', '555-666-7777'),
    ('Luisa', 'Martínez', '9998887776', '222 Camino Secundario', 'Departamento2', 'Municipio5', 'Barrio5', 0, '1987-12-05', '999-888-9999'),
    ('Carlos', 'García', '3332221110', '303 Avenida Norte', 'Departamento4', 'Municipio6', 'Barrio6', 1, '1978-06-15', '333-444-5555'),
    ('Isabel', 'Díaz', '4445556667', '404 Avenida Oeste', 'Departamento3', 'Municipio7', 'Barrio7', 1, '1989-04-30', '444-555-6666');

